E-posta Adresi,Şifre,Hesap Türü
jsfirl@gmail.com,PQl6D*1s,Öğrenci
lnyqxh@yahoo.com,&g*3b&Ad,Mezun
vyqffv@gmail.com,KLTpjCeM,Öğrenci
riuzat@outlook.com,sucza&CD,Öğrenci
jyprzz@yahoo.com,&NGG&WRw,Öğrenci
phvvql@gmail.com,gt(gE1)!,Öğrenci
gzcnbl@yahoo.com,IJASKf2M,Mezun
cliaxr@gmail.com,5x1mygLM,Öğrenci
zzanff@yahoo.com,HEskohq^,Öğrenci
dxghqu@gmail.com,8TW)&5OI,Mezun
tnpxft@gmail.com,lqp)RlGD,Öğrenci
yvvfvx@yahoo.com,fdF1Uo6m,Öğrenci
dtbkpx@gmail.com,m0(S7jgZ,Mezun
wcuepx@gmail.com,F%D#U0qJ,Mezun
cvwtak@gmail.com,4A3@WA!j,Öğrenci
hcvohz@gmail.com,myli2tJc,Öğrenci
cnkilt@yahoo.com,M1boxuu9,Mezun
ehsnpk@gmail.com,f9#(aRqe,Öğrenci
jdkpcs@gmail.com,snJgYyVu,Öğrenci
ddfznq@yahoo.com,b6H1sOUj,Mezun
